var_smoothing,modelo,fator_balanceamento,num_pipe,qtde_features,features,metodo selecao,contagem_exp,acuracia,recall_0,recall_1,prec_0,prec_1,auc,auc_valid,custo,media_auc_valid_teste
1e-09,GaussianNB,0.8,5,10,"Age,Annual_Premium,Driving_License,Gender,Policy_Sales_Channel,Previously_Insured,Region_Code,Vehicle_Age,Vehicle_Damage,Vintage",Aleatorio,5,0.6369945684972842,0.5894467703349282,0.9773924213230571,0.9946711701696104,0.2495531776060272,0.7834195958289927,0.740752083852868,1184347.3575073404,0.7620858398409303
1e-09,GaussianNB,0.8,5,5,"Age,Driving_License,Gender,Policy_Sales_Channel,Previously_Insured",Aleatorio,5,0.5786911915195088,0.5203349282296651,0.9964675658317276,0.999052622513134,0.2249148324434028,0.7584012470306963,0.7054343398894038,913839.648829272,0.73191779346005
1e-09,GaussianNB,0.8,3,5,"Age,Previously_Insured,Vehicle_Damage,Annual_Premium,Vintage",SelectFromModel,5,0.6316444071265513,0.5832087320574162,0.9783986298437164,0.994852937349434,0.2469310520240196,0.7808036809505664,0.7404844284181928,1174625.0487499114,0.7606440546843796
1e-09,GaussianNB,0.8,14,5,"Age,Annual_Premium,Gender,Previously_Insured,Region_Code",Aleatório e PCA k-2,5,0.5772585342814411,0.5186423444976077,0.9968957396703061,0.9991646454896699,0.224376117896902,0.7577690420839568,0.7054878377490408,908015.3916984511,0.7316284399164987
