var_smoothing,modelo,fator_balanceamento,num_pipe,qtde_features,features,metodo selecao,contagem_exp,acuracia,recall_0,recall_1,prec_0,prec_1,auc,auc_valid,custo,media_auc_valid_teste
1e-05,GaussianNB,0.25,1,9,"Gender,Age,Region_Code,Previously_Insured,Vehicle_Age,Vehicle_Damage,Annual_Premium,Policy_Sales_Channel,Vintage",SelectFromModel,5,0.6356222612893916,0.5878498803827752,0.9776279169342754,0.9947121271915044,0.2488718608744881,0.7827388986585253,0.7698112842709387,892959.5649999998,0.7762750914647321
1e-05,GaussianNB,0.25,1,9,"Gender,Age,Region_Code,Previously_Insured,Vehicle_Age,Vehicle_Damage,Annual_Premium,Policy_Sales_Channel,Vintage",SelectFromModel,5,0.6356222612893916,0.5878498803827752,0.9776279169342754,0.9947121271915044,0.2488718608744881,0.7827388986585253,0.7698112842709387,892959.5649999998,0.7762750914647321
1e-05,GaussianNB,0.25,2,6,"Age,Region_Code,Previously_Insured,Vehicle_Damage,Annual_Premium,Vintage",SelectFromModel,5,0.6356196373750361,0.5878468899521532,0.9776279169342754,0.9947121004341288,0.2488705045284752,0.7827374034432143,0.7698023640622058,892964.8099999998,0.7762698837527099
1e-05,GaussianNB,0.25,1,9,"Gender,Age,Region_Code,Previously_Insured,Vehicle_Age,Vehicle_Damage,Annual_Premium,Policy_Sales_Channel,Vintage",SelectFromModel,5,0.6356327569468133,0.5878618421052633,0.9776279169342754,0.9947122342155905,0.24887728655423938,0.7827448795197692,0.7698224345318548,892938.585,0.776283657025812
