class_weight,criterion,max_depth,min_samples_leaf,min_samples_split,n_estimators,modelo,fator_balanceamento,num_pipe,qtde_features,features,metodo selecao,contagem_exp,acuracia,recall_0,recall_1,prec_0,prec_1,auc,auc_valid,custo,media_auc_valid_teste
"{0: 0.8352631578947368, 1: 0.16473684210526318}",gini,None,1,2,100,RandomForest,0.8,4,10,"Age,Annual_Premium,Driving_License,Gender,Policy_Sales_Channel,Previously_Insured,Region_Code,Vehicle_Age,Vehicle_Damage,Vintage",Aleatorio,5,0.6115373514208496,0.5801794258373205,0.8360308285163777,0.9620208448656274,0.21763958382050733,0.7081051271768491,0.8808168973261783,1982867.946,0.7944610122515137
"{0: 0.8352631578947368, 1: 0.16473684210526318}",gini,None,1,2,100,RandomForest,0.8,2,5,"Age,Previously_Insured,Vehicle_Damage,Annual_Premium,Vintage",SelectFromModel,5,0.6151898402036158,0.5835855263157895,0.8414472275743952,0.9634359401294816,0.22014645817030773,0.7125163769450923,0.8671027214856742,1935717.129,0.7898095492153833
"{0: 0.8352631578947368, 1: 0.16473684210526318}",gini,None,1,2,100,RandomForest,0.8,1,5,"Age,Previously_Insured,Vehicle_Damage,Annual_Premium,Vintage",SelectFromModel,5,0.6177743958437196,0.586575956937799,0.8411260971954613,0.9635455506838546,0.2213013923308168,0.7138510270666303,0.8680607446951711,1932913.439,0.7909558858809007
"{0: 0.8352631578947368, 1: 0.16473684210526318}",gini,None,1,2,100,RandomForest,0.8,1,5,"Age,Previously_Insured,Vehicle_Damage,Annual_Premium,Vintage",SelectFromModel,5,0.6166067539555509,0.5852571770334928,0.8410404624277457,0.9634479533315282,0.22073324905183309,0.7131488197306193,0.8680821362005664,1935877.5,0.7906154779655928
